<?xml version="1.0" encoding="utf-8" standalone="yes" ?>
<rss version="2.0" xmlns:atom="http://www.w3.org/2005/Atom">
  <channel>
    <title>Posts on Designers Blog</title>
    <link>https://swastik-ree.com/posts/</link>
    <description>Recent content in Posts on Designers Blog</description>
    <generator>Hugo -- gohugo.io</generator>
    <language>en-us</language>
    <lastBuildDate>Thu, 05 Oct 2017 13:22:52 +0530</lastBuildDate>
    
	<atom:link href="https://swastik-ree.com/posts/index.xml" rel="self" type="application/rss+xml" />
    
    
    <item>
      <title>Think Before Starting Desiging</title>
      <link>https://swastik-ree.com/posts/chapter-1/</link>
      <pubDate>Thu, 05 Oct 2017 13:22:52 +0530</pubDate>
      
      <guid>https://swastik-ree.com/posts/chapter-1/</guid>
      <description>T# Things to Consider Before You Start Designing
Designing is associated fashion designing, interior designing, architecture designing, web and mobile designing and many more designing areas. Every area of designing has different tools techniques and procedure to follow. Website designing is process which is starting to complete a layout of any web based interface.
Several tools and platforms are available for web designing. A good designer always put these tools and techniques second.</description>
    </item>
    
    <item>
      <title></title>
      <link>https://swastik-ree.com/posts/my-first-blog/</link>
      <pubDate>Mon, 01 Jan 0001 00:00:00 +0000</pubDate>
      
      <guid>https://swastik-ree.com/posts/my-first-blog/</guid>
      <description>dh- 8itle: &amp;ldquo;&amp;rdquo; date: 2017-10-05T13:22:52+05:30
draft: true Things to Consider Before You Start Designing Designing is associated fashion designing, interior designing, architecture designing, web and mobile designing and many more designing areas. Every area of designing has different tools techniques and procedure to follow. Website designing is process which is starting to complete a layout of any web based interface.
Several tools and platforms are available for web designing. A good designer always put these tools and techniques second.</description>
    </item>
    
  </channel>
</rss>